{"name":"cc8d927d-ec29-4e62-a78e-acd7641e2c70","id":"/providers/Microsoft.Flow/flows/cc8d927d-ec29-4e62-a78e-acd7641e2c70","type":"Microsoft.Flow/flows","properties":{"apiId":"/providers/Microsoft.PowerApps/apis/shared_logicflows","displayName":"LoanStarReportExportToCsv","definition":{"metadata":{"workflowEntityId":null,"processAdvisorMetadata":null,"flowclientsuspensionreason":"None","flowclientsuspensiontime":null,"creator":{"id":"87b4f4b2-acdd-4663-90e1-b519b5818887","type":"User","tenantId":"31a83df6-b522-46ac-bcbe-85c3d12e2232"},"provisioningMethod":"FromDefinition","failureAlertSubscription":true,"clientLastModifiedTime":"2021-05-26T12:00:51.8908538Z"},"$schema":"https://schema.management.azure.com/providers/Microsoft.Logic/schemas/2016-06-01/workflowdefinition.json#","contentVersion":"1.0.0.0","parameters":{"$connections":{"defaultValue":{},"type":"Object"},"$authentication":{"defaultValue":{},"type":"SecureObject"}},"triggers":{"manual":{"type":"Request","kind":"PowerApp","inputs":{"schema":{"type":"object","properties":{"Createfile_FileName":{"type":"string","description":"The name of the file. Certain characters are disallowed by OneDrive and will be replaced by underscores.. This parameter is used as part of \"DA49071C-DA37-409D-B6A3-2C1BC9A159A6\"","x-ms-powerflows-param-ispartial":true},"Createfile_FileContent":{"type":"string","format":"binary","description":"The content of the file.","x-ms-powerflows-param-ispartial":false}},"required":["Createfile_FileName","Createfile_FileContent"]}}}},"actions":{"Respond_to_a_PowerApp_or_flow":{"runAfter":{"Create_file":["Succeeded"]},"type":"Response","kind":"PowerApp","inputs":{"statusCode":200,"body":{"completed":"true"},"schema":{"type":"object","properties":{"completed":{"title":"Completed","x-ms-dynamically-added":true,"type":"string"}}}}},"Create_file":{"runAfter":{},"type":"OpenApiConnection","inputs":{"host":{"apiId":"/providers/Microsoft.PowerApps/apis/shared_onedriveforbusiness","connectionName":"shared_onedriveforbusiness_1","operationId":"CreateFile"},"parameters":{"folderPath":"/PowerApps","name":"@{triggerBody()['Createfile_FileName']}.CSV","body":"@triggerBody()['Createfile_FileContent']"},"authentication":{"value":"@json(decodeBase64(triggerOutputs().headers['X-MS-APIM-Tokens']))['$ConnectionKey']","type":"Raw"}},"runtimeConfiguration":{"contentTransfer":{"transferMode":"Chunked"}}}}},"connectionReferences":{"shared_onedriveforbusiness_1":{"connectionName":"shared-onedriveforbu-ef624111-e16c-4b8b-9f4b-4855-d26a3ab7","source":"Invoker","id":"/providers/Microsoft.PowerApps/apis/shared_onedriveforbusiness","tier":"NotSpecified"}},"flowFailureAlertSubscribed":false}}