{"name":"3b435673-3dfc-41f0-8919-15a070679a67","id":"/providers/Microsoft.Flow/flows/3b435673-3dfc-41f0-8919-15a070679a67","type":"Microsoft.Flow/flows","properties":{"apiId":"/providers/Microsoft.PowerApps/apis/shared_logicflows","displayName":"LoanStarListReportFiles","definition":{"metadata":{"workflowEntityId":null,"processAdvisorMetadata":null,"flowclientsuspensionreason":"None","flowclientsuspensiontime":null,"creator":{"id":"87b4f4b2-acdd-4663-90e1-b519b5818887","type":"User","tenantId":"31a83df6-b522-46ac-bcbe-85c3d12e2232"},"provisioningMethod":"FromDefinition","failureAlertSubscription":true,"clientLastModifiedTime":"2021-05-26T14:11:17.9349786Z"},"$schema":"https://schema.management.azure.com/providers/Microsoft.Logic/schemas/2016-06-01/workflowdefinition.json#","contentVersion":"1.0.0.0","parameters":{"$connections":{"defaultValue":{},"type":"Object"},"$authentication":{"defaultValue":{},"type":"SecureObject"}},"triggers":{"manual":{"type":"Request","kind":"PowerApp","inputs":{"schema":{"type":"object","properties":{"Findfilesinfolderbypath_FolderPath":{"type":"string","description":"The unique path of the folder.","x-ms-powerflows-param-ispartial":false}},"required":["Findfilesinfolderbypath_FolderPath"]}}}},"actions":{"Find_files_in_folder_by_path":{"runAfter":{},"type":"OpenApiConnection","inputs":{"host":{"apiId":"/providers/Microsoft.PowerApps/apis/shared_onedriveforbusiness","connectionName":"shared_onedriveforbusiness_1","operationId":"FindFilesByPath"},"parameters":{"query":".","path":"@triggerBody()['Findfilesinfolderbypath_FolderPath']","findMode":"OneDriveSearch","maxFileCount":100},"authentication":{"value":"@json(decodeBase64(triggerOutputs().headers['X-MS-APIM-Tokens']))['$ConnectionKey']","type":"Raw"}}},"Apply_to_each":{"foreach":"@outputs('Find_files_in_folder_by_path')?['body']","actions":{"Condition":{"actions":{"List_files_in_folder":{"runAfter":{},"type":"OpenApiConnection","inputs":{"host":{"apiId":"/providers/Microsoft.PowerApps/apis/shared_onedriveforbusiness","connectionName":"shared_onedriveforbusiness_1","operationId":"ListFolderV2"},"parameters":{"id":"@items('Apply_to_each')?['Id']"},"authentication":{"value":"@json(decodeBase64(triggerOutputs().headers['X-MS-APIM-Tokens']))['$ConnectionKey']","type":"Raw"}}},"Parse_JSON":{"runAfter":{"List_files_in_folder":["Succeeded"]},"type":"ParseJson","inputs":{"content":"@outputs('List_files_in_folder')?['body/value']","schema":{"type":"array","items":{"type":"object","properties":{"Id":{"type":"string"},"Name":{"type":"string"},"NameNoExt":{"type":"string"},"DisplayName":{"type":"string"},"Path":{"type":"string"},"LastModified":{"type":"string"},"Size":{"type":"integer"},"MediaType":{"type":"string"},"IsFolder":{"type":"boolean"},"ETag":{"type":"string"},"FileLocator":{"type":"string"},"LastModifiedBy":{"type":"string"}},"required":["Id","Name","NameNoExt","DisplayName","Path","LastModified","Size","MediaType","IsFolder","ETag","FileLocator","LastModifiedBy"]}}}},"Set_variable":{"runAfter":{"Join":["Succeeded"]},"type":"SetVariable","inputs":{"name":"ReportsJson","value":"@body('Join')"}},"Join":{"runAfter":{"Parse_JSON":["Succeeded"]},"type":"Join","inputs":{"from":"@body('Parse_JSON')","joinWith":"/n"}}},"runAfter":{},"expression":{"equals":["@items('Apply_to_each')?['IsFolder']",true]},"type":"If"}},"runAfter":{"Initialize_variable":["Succeeded"]},"type":"Foreach"},"Initialize_variable":{"runAfter":{"Find_files_in_folder_by_path":["Succeeded"]},"type":"InitializeVariable","inputs":{"variables":[{"name":"ReportsJson","type":"string"}]}},"Respond_to_a_PowerApp":{"runAfter":{"Apply_to_each":["Succeeded"]},"type":"Response","kind":"PowerApp","inputs":{"statusCode":200,"body":{"reports":"@variables('ReportsJson')"},"schema":{"type":"object","properties":{"reports":{"title":"Reports","x-ms-dynamically-added":true,"type":"string"}}}}}}},"connectionReferences":{"shared_onedriveforbusiness_1":{"connectionName":"shared-onedriveforbu-ef624111-e16c-4b8b-9f4b-4855-d26a3ab7","source":"Invoker","id":"/providers/Microsoft.PowerApps/apis/shared_onedriveforbusiness","tier":"NotSpecified"}},"flowFailureAlertSubscribed":false}}