{"name":"4ce0270a-bfa7-4d9c-a687-9b266236e457","id":"/providers/Microsoft.Flow/flows/4ce0270a-bfa7-4d9c-a687-9b266236e457","type":"Microsoft.Flow/flows","properties":{"apiId":"/providers/Microsoft.PowerApps/apis/shared_logicflows","displayName":"LoanStarReportExportToPdf","definition":{"metadata":{"workflowEntityId":null,"processAdvisorMetadata":null,"flowclientsuspensionreason":"None","flowclientsuspensiontime":null,"creator":{"id":"87b4f4b2-acdd-4663-90e1-b519b5818887","type":"User","tenantId":"31a83df6-b522-46ac-bcbe-85c3d12e2232"},"provisioningMethod":"FromDefinition","failureAlertSubscription":true,"clientLastModifiedTime":"2021-05-26T13:51:16.1713595Z"},"$schema":"https://schema.management.azure.com/providers/Microsoft.Logic/schemas/2016-06-01/workflowdefinition.json#","contentVersion":"1.0.0.0","parameters":{"$connections":{"defaultValue":{},"type":"Object"},"$authentication":{"defaultValue":{},"type":"SecureObject"}},"triggers":{"manual":{"type":"Request","kind":"PowerApp","inputs":{"schema":{"type":"object","properties":{"Createfile_FileName":{"type":"string"},"Createfile_FileContent":{"type":"string"}},"required":["Createfile_FileName","Createfile_FileContent"]}}}},"actions":{"Create_HTML_file":{"runAfter":{},"type":"OpenApiConnection","inputs":{"host":{"apiId":"/providers/Microsoft.PowerApps/apis/shared_onedriveforbusiness","connectionName":"shared_onedriveforbusiness_1","operationId":"CreateFile"},"parameters":{"folderPath":"/PowerApps","name":"@{triggerBody()['Createfile_FileName']}.HTML","body":"@triggerBody()['Createfile_FileContent']"},"authentication":{"value":"@json(decodeBase64(triggerOutputs().headers['X-MS-APIM-Tokens']))['$ConnectionKey']","type":"Raw"}},"runtimeConfiguration":{"contentTransfer":{"transferMode":"Chunked"}}},"Respond_to_a_PowerApp_or_flow":{"runAfter":{"Delete_file":["Succeeded"]},"type":"Response","kind":"PowerApp","inputs":{"statusCode":200,"body":{"completed":"true"},"schema":{"type":"object","properties":{"completed":{"title":"Completed","x-ms-dynamically-added":true,"type":"string"}}}}},"Convert_file_using_path":{"runAfter":{"Create_HTML_file":["Succeeded"]},"type":"OpenApiConnection","inputs":{"host":{"apiId":"/providers/Microsoft.PowerApps/apis/shared_onedriveforbusiness","connectionName":"shared_onedriveforbusiness_1","operationId":"ConvertFileByPath"},"parameters":{"path":"@outputs('Create_HTML_file')?['body/Path']","type":"PDF"},"authentication":{"value":"@json(decodeBase64(triggerOutputs().headers['X-MS-APIM-Tokens']))['$ConnectionKey']","type":"Raw"}}},"Create_PDF_file":{"runAfter":{"Convert_file_using_path":["Succeeded"]},"type":"OpenApiConnection","inputs":{"host":{"apiId":"/providers/Microsoft.PowerApps/apis/shared_onedriveforbusiness","connectionName":"shared_onedriveforbusiness_1","operationId":"CreateFile"},"parameters":{"folderPath":"/PowerApps","name":"@{triggerBody()['Createfile_FileName']}.PDF","body":"@outputs('Convert_file_using_path')?['body']"},"authentication":{"value":"@json(decodeBase64(triggerOutputs().headers['X-MS-APIM-Tokens']))['$ConnectionKey']","type":"Raw"}},"runtimeConfiguration":{"contentTransfer":{"transferMode":"Chunked"}}},"Delete_file":{"runAfter":{"Get_file_metadata_using_path":["Succeeded"]},"type":"OpenApiConnection","inputs":{"host":{"apiId":"/providers/Microsoft.PowerApps/apis/shared_onedriveforbusiness","connectionName":"shared_onedriveforbusiness_1","operationId":"DeleteFile"},"parameters":{"id":"@outputs('Get_file_metadata_using_path')?['body/Id']"},"authentication":{"value":"@json(decodeBase64(triggerOutputs().headers['X-MS-APIM-Tokens']))['$ConnectionKey']","type":"Raw"}}},"Get_file_metadata_using_path":{"runAfter":{"Create_PDF_file":["Succeeded"]},"type":"OpenApiConnection","inputs":{"host":{"apiId":"/providers/Microsoft.PowerApps/apis/shared_onedriveforbusiness","connectionName":"shared_onedriveforbusiness_1","operationId":"GetFileMetadataByPath"},"parameters":{"path":"/PowerApps/@{triggerBody()['Createfile_FileName']}.HTML"},"authentication":{"value":"@json(decodeBase64(triggerOutputs().headers['X-MS-APIM-Tokens']))['$ConnectionKey']","type":"Raw"}}}}},"connectionReferences":{"shared_onedriveforbusiness_1":{"connectionName":"shared-onedriveforbu-ef624111-e16c-4b8b-9f4b-4855-d26a3ab7","source":"Invoker","id":"/providers/Microsoft.PowerApps/apis/shared_onedriveforbusiness","tier":"NotSpecified"}},"flowFailureAlertSubscribed":false}}